{"id":"DK","name":"Denmark","month":"2018-03","access_date":"2018-04-03","data":{"chrome":{"4":0,"5":0,"6":0,"7":0,"8":0,"9":0,"10":0,"11":0,"12":0,"13":0,"14":0,"15":0,"16":0,"17":0,"18":0.280224,"19":0,"20":0,"21":0,"22":0.007784,"23":0,"24":0,"25":0,"26":0,"27":0,"28":0,"29":0.186816,"30":0,"31":0,"32":0,"33":0.007784,"34":0.132328,"35":0,"36":0,"37":0,"38":0.023352,"39":0.007784,"40":0.007784,"41":0.007784,"42":0.007784,"43":0.023352,"44":0.015568,"45":0.007784,"46":0.015568,"47":0.132328,"48":0.015568,"49":0.3892,"50":0.015568,"51":0.295792,"52":0.03892,"53":0.140112,"54":1.735832,"55":1.253224,"56":0.085624,"57":0.085624,"58":0.093408,"59":0.070056,"60":0.147896,"61":0.202384,"62":0.202384,"63":1.735832,"64":16.595488,"65":7.963032,"66":0.023352,"67":0.007784,"68":0},"firefox":{"2":0,"3":0,"3.5":0,"3.6":0,"4":0,"5":0,"6":0,"7":0,"8":0,"9":0,"10":0,"11":0,"12":0,"13":0,"14":0,"15":0,"16":0.007784,"17":0,"18":0,"19":0,"20":0,"21":0,"22":0,"23":0,"24":0,"25":0,"26":0,"27":0,"28":0,"29":0,"30":0,"31":0.007784,"32":0,"33":0,"34":0,"35":0,"36":0,"37":0,"38":0.007784,"3